live	alive
siences	sciences
tecnologies	technologies
becouse	because
olders	elders
preffer	prefer
preffer	prefer
probbably	probably
ther	their
intwerested	interested
succeded	succeeded
these	those
they	them
they	them
brang	bring
subects	subjects
scientifc	scientific
utilisation	utilization
maind	mind
Compuer	Computer
fucture	future
conseder	consider
docters	doctors
situstion	situation
genaration	generation
throught	through
effect	affect
ther	there
ther	there
competancy	competency
douts	doubts
work	team
theorise	theorize
understend	understand
thet	that
texetbooks	textbooks
dependend	dependent
anderstand	understand
beteer	better
peaple	people
sosiety	society
magetite	magnetite
lecture	lecturer
Futhermore	Furthermore
worse	worsen
arguement	argument
save	safe
-Learn	Learn
somthing	something
Therfore	Therefore
timer	time
Furethermore	Furthermore
aquired	acquired
critica	critics
uaually	usually
new-fasion	new-fashion
peole	people
efficint	efficient
recomended	recommended
pier	peer
monthe	month
trafic	traffic
Bismarck	Bismark
obbvious	obvious
that	than
importand	important
comunities	communities
Techology	Technology
predetor	predator
wherever	whenever
safty	safety
stated	started
problemes	problems
possiable	possible
authour	author
surprize	surprise
postive	positive
briliant	brilliant
Jennife	Jennifer
colecting	collecting
that	than
braking	breaking
polititians	politicians
imotions	emotions
successfull	successful
moviments	movements
occuring	occurring
exemple	example
passege	passage
turm	term
Juju	Jeju
tast	test
startet	started
contruction	construction
experince	experience
olde	older
advertisments	advertisements
trasportation	transportation
sacrifise	sacrifice
preciouse	precious
nongelatinized	non-gelatinized
reaults	results
succes	success
situaction	situation
magnitides	magnitudes
writting	writing
faceing	facing
than	then
refuced	refused
loosing	losing
untill	until
arisky	risky
strainge	strange
belive	believe
focuse	focus
arkward	awkward
woud	would
acadmic	academic
Althogh	Although
sollution	solution
wich	which
America	American
manifacturers	manufacturers
grobal	global
develope	develop
alon	alone
oher	other
mater	matter
dengerous	dangerous
when	then
then	when
allready	already
creat	create
carful	careful
aboue	about
poins	points
baed	based
understad	understand
that	what
alive	live
tims	times
intrested	interested
politica	politics
becase	Because
prefere	prefer
scienses	sciences
equalifications	qualifications
idease	ideas
raher	rather
cheep	cheap
rais	raise
safe	save
enviroment	environment
maner	manner
that	than
that	than
thay	they
coluld	could
then	than
sosiety	society
strugles	struggles
exutic	exotic
luxery	luxury
somewher	somewhere
mass	moss
reqired	required
valueable	valuable
repreated	repeated
differance	difference
encylopedia	encyclopedia
considered-	considered
likr	like
manufactures	manufacturers
advatage	advantage
could	would
succussful	successful
mach	match
togather	together
useing	using
recods	records
theacher	teacher
deaply	deeply
idean	idea
learnng	learning
bood	book
Effel	Eiffel
totaly	totally
overrall	overall
wonderfull	wonderful
somethig	something
classmetes	classmates
ceace	cease
comming	coming
adiction	addiction
actally	actually
certaily	certainly
approprite	appropriate
Altough	Although
probles	problems
lecture	lecturer
habilities	abilities
brillant	brilliant
Brifly	Briefly
vecation	vacation
ecocertification	eco-certification
Amricans	Americans
Americanc	Americans
reflest	reflect
perserverant	perseverant
Goverments	governments
familes	families
peopie	people
pary	party
reserched	researched
ereas	areas
possitive	positive
postion	position
orthopaedic	orthopedic
yong	young
becayse	because
fell	feel
yong	young
partients	patients
idiea	idea
Afther	After
my	because
talks	always
riks	risks
theyselves	themselves
inflaction	inflation
stressfull	stressful
disatvantages	disadvantages
unability	inability
breaus	bureaus
yong	young
oher	other
bottele	bottle
juise	juice
colourful	colorful
enogh	enough
Sceene	scene
affect	effect
reaonable	reasonable
acticle	article
grammer	grammar
detailled	detailed
tought	taught
definitly	definitely
taulk	talk
subjec	subject
knowlege	knowledge
becuse	Because
somthing	something
safe	save
repect	respect
favorit	favorite
litterature	literature
peple	people
health	healthy
planing	planning
hause	house
planing	planning
knowlege	knowledge
successfull	successful
sevral	several
than	then
lane	line
genaration	generation
malysia	Malaysia
thez	they
cinsidered	considered
thing	think
writter	writer
definately	definitely
ridicurous	ridiculous
problemmatic	problematic
markting	marketing
essy	essay
impotant	important
studens	student
chanse	chance
spesific	specific
crutial	crucial
somebory	somebody
challenger	challenge
challenger	challenge
moviment	movement
rason	reason
dram	dream
goverment	government
attand	attend
throuhout	throughout
coats	costs
desputed	disputed
satisfiy	satisfy
thir	their
moutains	mountains
perfecty	perfectly
organised	organized
transpotation	transportation
succed	succeed
carefull	careful
reasen	reason
somethink	something
himself/	himself
datailed	detailed
yonger	younger
larned	learned
graw	grow
studing	studying
defination	definition
nowdays	nowadays
seriouse	serious
prblems	problems
cauntry	country
patents	patients
whithout	without
apportunity	opportunity
undertand	understand
everybory	everybody
speace	space
gerden	garden
thing	think
ever	over
deteir	deter
Japen	Japan
rasing	rising
earning	earnings
peole	people
being	beings
academis	academic
bebeficial	beneficial
differnt	different
Travelling	Traveling
enviroment	environment
proublem	problem
rouds	rounds
damged	damaged
promblems	problems
futhermore	furthermore
exited	excited
ignor	ignore
factully	factually
experiance	experience
happend	happened
creat	create
succeedded	succeeded
compeny	company
lake	like
ther	their
compeny	company
systm	system
Scond	Second
goup	group
confortable	comfortable
alecture	lecture
iattended	attended
program	programs
everthing	everything
comfortable	comfortably
availablity	availability
specfic	specific
round	around
perormer	performer
breath	breathe
commdities	commodities
alowing	allowing
neighbour	neighbor
rise	raise
movies	movie
bons	bones
exemple	example
peole	people
well	will
guider	guide
studed	studied
chirdren	children
olders	elders
life	live
alony	alone
teathers	teachers
thad	than
learnig	learning
interresting	interesting
helpfull	helpful
preferrences	preferences
humens	humans
oarts	parts
exits	exists
whtch	which
advertisemets	advertisements
behaviour	behavior
surroand	surround
conclution	conclusion
atracted	attracted
totaly	totally
lifestile	lifestyle
travelling	traveling
floop	flop
gree	agree
accomodate	accommodate
thay	they
tewenty	twenty
travelling	Traveling
youself	yourself
fulture	future
learl	learn
cklassmates	classmates
Attendence	Attendance
teenegers	teenagers
studing	studying
knowa	know
arising	rising
remeber	remember
what	that
migratintg	migrating
exammple	example
prefar	prefer
goverment	government
requeres	requires
certein	certain
reliased	released
defferent	different
stonger	stronger
Puebo	Pueblo
Additionaly	Additionally
seperate	separate
peple	people
diffrent	different
alwayse	always
zenra	zebra
ourselvese	ourselves
catalysing	catalyzing
knowlege	knowledge
alternitive	alternative
bacause	Because
everone	everyone
medicins	medicines
Fourtunately	Fortunately
mechanis	mechanism
satify	satisfy
boney	bony
becom	become
nowdays	nowadays
those	these
socity	society
eligiable	eligible
demostrate	demonstrate
dicease	disease
comportable	comfortable
benefitial	beneficial
mathmatics	mathematics
qeuestion	question
theme	them
bussiness	business
anderstand	understand
will	well
exemple	example
litterature	literature
bath	bathe
vavilla	vanilla
guider	guide
duildings	buildings
replacment	replacement
live	life
Ploto	Pluto
Ploto	Pluto
becouse	because
dissussing	discussing
enviroment	environment
auther	author
advice	advise
joing	join
baught	bought
tallent	talent
enthousiasm	enthusiasm
departements	departments
opiniom	opinion
spacific	specific
safing	saying
conepts	concepts
actualy	actually
assigment	assignment
wich	which
radion	radio
universty	university
resulta	results
condcted	conducted
arouend	around
agee	agree
astroid	asteroid
elss	else
ealy	early
-induced	induced
prpperty	property
dveloped	developed
factoriy	factory
comfotable	comfortable
Comming	Coming
atmospere	atmosphere
chane	chance
imroved	improved
knowedge	knowledge
countrey	country
successfull	successful
undernearth	underneath
produing	producing
antient	ancient
thlat	that
exsample	example
than	then
health	healthy
boay	body
formura	formula
exstra	extra
enersy	energy
to	useful
Becaus	Because
take	make
personn	person
anothere	another
responsibilites	responsibilities
disegree	disagree
wouderful	wonderful
comercial	commercial
tecnologies	technologies
wark	work
becouse	because
preffer	prefer
preffer	prefer
probbably	probably
ther	their
lifestile	lifestyle
intwerested	interested
succeded	succeeded
they	them
they	them
subects	subjects
scientifc	scientific
utilisation	utilization
chir	chin
maind	mind
Compuer	computer
fucture	future
conseder	consider
docters	doctors
docter	doctor
situstion	situation
youg	young
baly	badly
throught	through
will	well
effect	affect
ther	there
ther	there
competancy	competency
effected	affected
theorise	theorize
understend	understand
thet	that
texetbooks	textbooks
dependend	dependent
anderstand	understand
beteer	better
peaple	people
sosiety	society
langage	language
magetite	magnetite
arguement	argument
-Learn	Learn
Therfore	Therefore
timer	time
Furethermore	Furthermore
aquired	acquired
critica	critic
uaually	usually
peole	people
efficint	efficient
recomended	recommended
pier	peer
monthe	month
actully	actually
trafic	traffic
obbvious	obvious
that	than
wich	which
importand	important
comunities	communities
Techology	Technology
safty	safety
stated	started
problemes	problems
name	fame
possiable	possible
surprize	surprise
postive	positive
briliant	brilliant
Jennife	Jennifer
colecting	collecting
take	make
endothermy	endotherms
that	than
braking	breaking
firming	farming
polititians	politicians
imotions	emotions
successfull	successful
moviments	movements
succesfull	succesful
studing	studying
startet	started
contruction	construction
experince	experience
olde	older
advertisments	advertisements
trasportation	transportation
sacrifise	sacrifice
preciouse	precious
nongelatinized	non-gelatinized
then	they
reaults	results
succes	success
situaction	situation
INWALL	infall
writting	writing
compitition	competition
maket	market
faceing	facing
compitition	competition
than	then
thus	this
refuced	refused
perpose	purpose
loosing	losing
untill	until
arisky	risky
strainge	strange
belive	believe
focuse	focus
arkward	awkward
turns	burns
acadmic	academic
thirdworld	third-world
sollution	solution
wich	which
manifacturers	manufacturers
augumenting	augmenting
grobal	global
develope	develop
Peolple	People
alon	alone
oher	other
mater	matter
dengerous	dangerous
they	then
creat	create
carful	careful
simple	simply
poins	points
baed	based
understad	understand
rerationship	relationship
intrested	interested
politica	politics
becase	Because
cours	course
prefere	prefer
scienses	sciences
equalifications	qualifications
idease	ideas
raher	rather
modals	models
would	could
cheep	cheap
rais	raise
that	than
later	late
thay	they
coluld	could
then	than
sosiety	society
strugles	struggles
hebitats	habitats
exutic	exotic
luxery	luxury
diversifed	diversified
mass	moss
differance	difference
encylopedia	encyclopedia
considered-	considered
likr	like
creat	create
advatage	advantage
could	would
succussful	successful
mach	match
togather	together
useing	using
recods	records
deaply	deeply
idean	idea
bood	book
Effel	Eiffel
totaly	totally
overrall	overall
wonderfull	wonderful
somethig	something
classmetes	classmates
comming	coming
adiction	addiction
actally	actually
certaily	certainly
approprite	appropriate
probles	problems
habilities	abilities
vecation	vacation
advantege	advantage
exemple	example
requre	require
familes	families
peopie	people
pary	party
reserched	researched
ereas	areas
possitive	positive
postion	position
orthopaedic	orthopedic
yong	young
becayse	because
rememberd	remembered
fell	feel
yong	young
partients	patients
idiea	idea
Afther	After
my	because
talks	always
riks	risks
theyselves	themselves
undergroud	underground
inflaction	inflation
stressfull	stressful
disatvantages	disadvantages
breaus	bureaus
yong	young
oher	other
bottele	bottle
juise	juice
colourful	colorful
enogh	enough
reaonable	reasonable
acticle	article
grammer	grammar
detailled	detailed
tought	taught
definitly	definitely
taulk	talk
knowlege	knowledge
becuse	Because
somthing	something
safe	save
goog	good
repect	respect
favorit	favorite
making	taking
litterature	literature
peple	people
planing	planning
hause	house
planing	planning
knowlege	knowledge
successfull	successful
sevral	several
lane	line
genaration	generation
malysia	Malaysia
thez	they
cinsidered	considered
thing	think
writter	writer
definately	definitely
ridicurous	ridiculous
problemmatic	problematic
markting	marketing
essy	essay
impotant	important
studens	students
chanse	chance
spesific	specific
crutial	crucial
challenger	challenge
challenger	challenge
moviment	movement
rason	reason
dram	dream
goverment	government
throuhout	throughout
desputed	disputed
thir	their
moutains	mountains
perfecty	perfectly
organised	organized
transpotation	transportation
succed	succeed
carefull	careful
reasen	reason
somethink	something
himself/	himself
datailed	detailed
yonger	younger
larned	learned
graw	grow
studing	studying
lightening	lightning
defination	definition
seriouse	serious
prblems	problems
cauntry	country
patents	parents
whithout	without
apportunity	opportunity
undertand	understand
speace	space
gerden	garden
worthy	worth
deteir	deter
Japen	Japan
fine	find
rasing	rising
earning	learning
peole	people
worsen	worse
being	beings
academis	academic
bebeficial	beneficial
differnt	different
rising	raising
aleady	already
lecture	lecturer
reading	readings
enviroment	environment
proublem	problem
rouds	roads
damged	damaged
promblems	problems
exited	excited
sportman	sportsman
ignor	ignore
factully	factually
experiance	experience
happend	happened
creat	create
lake	like
ther	their
compeny	company
systm	system
Scond	Second
goup	group
confortable	comfortable
alecture	lecture
iattended	attended
everthing	everything
comfortable	comfortably
previos	previous
knowledege	knowledge
freshwather	freshwater
were	where
availablity	availability
specfic	specific
perormer	performer
commdities	commodities
alowing	allowing
neighbour	neighbor
movies	movie
bons	bones
exemple	example
peole	people
well	will
cihildhood	childhood
guider	guide
studed	studied
chirdren	children
life	live
teathers	teachers
thad	than
learnig	learning
interresting	interesting
helpfull	helpful
becom	become
diffrence	difference
preferrences	preferences
effect	affect
humens	humans
oarts	parts
quanlities	quantities
resourse	resource
exits	exists
whtch	which
advertisemets	advertisements
behaviour	behavior
surroand	surround
conclution	conclusion
atracted	attracted
totaly	totally
lifestile	lifestyle
floop	flop
gree	agree
initative	imitative
accomodate	accommodate
uesing	using
thay	they
tewenty	twenty
travelling	Traveling
youself	yourself
fulture	future
sight-seeing	sightseeing
cklassmates	classmates
Attendence	Attendance
teenegers	teenagers
studing	studying
knowa	know
remeber	remember
migratintg	migrating
safe	safer
exammple	example
prefar	prefer
goverment	government
requeres	requires
certein	certain
reliased	released
reduses	reduces
defferent	different
Puebo	Pueblo
Additionaly	Additionally
movies	movie
seperate	separate
peple	people
diffrent	different
alwayse	always
zenra	zebra
acccept	accept
ourselvese	ourselves
while	awhile
knowlege	knowledge
alternitive	alternative
filmaking	filmmaking
bacause	because
everone	everyone
medicins	medicines
Fourtunately	Fortunately
mechanis	mechanism
boney	bony
becom	become
behaviour	behavior
nowdays	nowadays
socity	society
eligiable	eligible
demostrate	demonstrate
comportable	comfortable
benefitial	beneficial
mathmatics	mathematics
qeuestion	question
theme	them
bussiness	business
anderstand	understand
will	well
perticular	particular
exemple	example
litterature	literature
bath	bathe
vavilla	vanilla
guider	guides
duildings	buildings
live	life
Ploto	Pluto
Ploto	Pluto
becouse	because
dissussing	discussing
enviroment	environment
auther	author
50~60	50-60
advice	advise
smaile	smile
joing	join
enthousiasm	enthusiasm
departements	departments
opiniom	opinion
spacific	specific
safing	saving
conepts	concepts
actualy	actually
assigment	assignment
wich	which
radion	radio
universty	university
resulta	results
condcted	conducted
arouend	around
Finall	finally
agee	agree
astroid	asteroid
elss	else
prpperty	property
dveloped	developed
factoriy	factory
comfotable	comfortable
Comming	Coming
atmospere	atmosphere
imroved	improved
knowedge	knowledge
countrey	country
successfull	successful
undernearth	underneath
produing	producing
antient	ancient
thlat	that
exsample	example
than	then
health	healthy
boay	body
formura	formula
exstra	extra
enersy	energy
to	useful
Becaus	Because
take	make
personn	person
anothere	another
responsibilites	responsibilities
disegree	disagree
wouderful	wonderful
comercial	commercial
tecnologies	technologies
preffer	prefer
preffer	prefer
probbably	probably
nonfluoridated	non-fluoridated
ther	their
lifestile	lifestyle
intwerested	interested
succeded	succeeded
subects	subjects
scientifc	scientific
utilisation	utilization
maind	mind
Compuer	computer
fucture	future
concepts	same
docters	doctors
docter	doctor
situstion	situation
These	There
effect	affect
ther	there
ther	there
competancy	competency
douts	doubts
theorise	theorize
understend	understand
thet	that
texetbooks	textbooks
dependend	dependent
beteer	better
peaple	people
sosiety	society
langage	language
magetite	magnetite
Futhermore	Furthermore
arguement	argument
-Learn	Learn
somthing	something
Therfore	Therefore
timer	time
Furethermore	Furthermore
aquired	acquired
critica	critical
uaually	usually
peole	people
efficint	efficient
recomended	recommended
pier	peer
monthe	month
trafic	traffic
affect	effect
obbvious	obvious
that	than
wich	which
importand	important
comunities	communities
Techology	Technology
experinces	experiences
predetor	predator
were	where
safty	safety
stated	started
problemes	problems
name	fame
possiable	possible
authour	author
surprize	surprise
postive	positive
briliant	brilliant
Jennife	Jennifer
colecting	collecting
mordern	modern
that	than
braking	breaking
firming	farming
polititians	politicians
imotions	emotions
successfull	successful
passege	passage
turm	term
tast	test
studing	studying
startet	started
contruction	construction
experince	experience
advertisments	advertisements
trasportation	transportation
sacrifise	sacrifice
preciouse	precious
reaults	results
succes	success
situaction	situation
magnitides	magnitudes
felings	feelings
maket	market
compitition	competition
than	then
thus	this
refuced	refused
perpose	purpose
loosing	losing
untill	until
arisky	risky
strainge	strange
belive	believe
focuse	focus
arkward	awkward
woud	would
acadmic	academic
Althogh	Although
sollution	solution
wich	which
manifacturers	manufacturers
effecting	affecting
augumenting	augmenting
grobal	global
develope	develop
Peolple	People
alon	alone
oher	other
mater	matter
dengerous	dangerous
then	when
allready	already
creat	create
carbones	carbons
aboue	about
poins	points
baed	based
that	what
tims	times
intrested	interested
politica	politics
scienses	sciences
equalifications	qualifications
idease	ideas
raher	rather
modals	models
would	could
cheep	cheap
safe	save
enviroment	environment
maner	manner
thay	they
coluld	could
then	than
sosiety	society
strugles	struggles
hebitats	habitats
exutic	exotic
luxery	luxury
diversifed	diversified
somewher	somewhere
reqired	required
repreated	repeated
differance	difference
encylopedia	encyclopedia
considered-	considered
likr	like
Comsumers	Consumers
years	years.
advertissment	advertisement
creat	create
advatage	advantage
succussful	successful
mach	match
togather	together
useing	using
recods	records
deaply	deeply
whitch	which
idean	idea
learnng	learning
gratuation	graduation
bood	book
puls	pull
Effel	Eiffel
totaly	totally
overrall	overall
wonderfull	wonderful
somethig	something
classmetes	classmates
disadvanteges	disadvantages
ceace	cease
comming	coming
adiction	addiction
actally	actually
certaily	certainly
Altough	Although
probles	problems
lecture	lecturer
brillant	brilliant
Brifly	Briefly
vecation	vacation
advantege	advantage
ecocertification	eco-certification
exemple	example
that	what
what	that
Goverments	governments
familes	families
peopie	people
pary	party
reserched	researched
ereas	areas
possitive	positive
postion	position
yong	young
becayse	because
rememberd	remembered
fell	feel
yong	young
partients	patients
idiea	idea
Afther	After
my	because
talks	always
riks	risks
theyselves	themselves
undergroud	underground
inflaction	inflation
stressfull	stressful
unability	inability
yong	young
oher	other
bottele	bottle
juise	juice
colourful	colorful
enogh	enough
affect	effect
reaonable	reasonable
acticle	article
grammer	grammar
detailled	detailed
tought	taught
definitly	definitely
taulk	talk
knowlege	knowledge
becuse	Because
somthing	something
safe	save
would	could
goog	good
repect	respect
favorit	favorite
making	taking
litterature	literature
peple	people
health	healthy
planing	planning
hause	house
planing	planning
knowlege	knowledge
successfull	successful
than	then
would	could
genaration	generation
malysia	Malaysia
cinsidered	considered
thing	think
writter	writer
definately	definitely
ridicurous	ridiculous
problemmatic	problematic
markting	marketing
essy	essay
impotant	important
studens	students
chanse	chance
spesific	specific
crutial	crucial
somebory	somebody
moviment	movement
rason	reason
dram	dream
goverment	government
throuhout	throughout
that	than
coats	costs
desputed	disputed
satisfiy	satisfy
thir	their
moutains	mountains
perfecty	perfectly
organised	organized
transpotation	transportation
succed	succeed
carefull	careful
somethink	something
datailed	detailed
yonger	younger
larned	learned
graw	grow
studing	studying
lightening	lightning
defination	definition
nowdays	nowadays
seriouse	serious
prblems	problems
cauntry	country
whithout	without
apportunity	opportunity
effect	affect
undertand	understand
speace	space
gerden	garden
thing	think
worthy	worth
deteir	deter
Japen	Japan
fine	find
earning	earnings
peole	people
academis	academic
bebeficial	beneficial
differnt	different
rising	raising
aleady	already
Travelling	Traveling
then	they
enviroment	environment
proublem	problem
rouds	roads
damged	damaged
promblems	problems
futhermore	furthermore
exited	excited
sportman	sportsman
ignor	ignore
ecocertified	eco-certified
happend	happened
creat	create
succeedded	succeeded
lake	like
ther	their
systm	system
confortable	comfortable
alecture	lecture
iattended	attended
everthing	everything
knowledege	knowledge
freshwather	freshwater
were	where
availablity	availability
specfic	specific
round	around
perormer	performer
breath	breathe
commdities	commodities
alowing	allowing
neighbour	neighbor
rise	raise
bons	bones
exemple	example
specialities	specialties
peole	people
well	will
guider	guide
studed	studied
studed	studied
chirdren	children
olders	elders
U.S.A	U.S.A.
life	live
alony	alone
teathers	teachers
thad	than
learnig	learning
interresting	interesting
earn	learn
preferrences	preferences
effect	affect
humens	humans
oarts	parts
exits	exists
whtch	which
advertisemets	advertisements
behaviour	behavior
surroand	surround
lifestile	lifestyle
travelling	traveling
floop	flop
gree	agree
accomodate	accommodate
thay	they
tewenty	twenty
youself	yourself
fulture	future
learl	learn
cklassmates	classmates
Attendence	Attendance
teenegers	teenagers
studing	studying
knowa	know
arising	rising
remeber	remember
what	that
migratintg	migrating
safe	safer
exammple	example
prefar	prefer
goverment	government
requeres	requires
certein	certain
reliased	released
defferent	different
stonger	stronger
Puebo	Pueblo
Additionaly	Additionally
movies	movie
seperate	separate
peple	people
diffrent	different
alwayse	always
zenra	zebra
acccept	accept
ourselvese	ourselves
catalysing	catalyzing
knowlege	knowledge
alternitive	alternative
filmaking	filmmaking
bacause	Because
everone	everyone
medicins	medicines
Fourtunately	Fortunately
mechanis	mechanism
satify	satisfy
boney	bony
behaviour	behavior
nowdays	nowadays
those	these
socity	society
eligiable	eligible
demostrate	demonstrate
dicease	disease
comportable	comfortable
benefitial	beneficial
could	would
mathmatics	mathematics
qeuestion	question
theme	them
bussiness	business
anderstand	understand
perticular	particular
exemple	example
litterature	literature
vavilla	vanilla
guider	guides
duildings	buildings
replacment	replacement
Ploto	Pluto
Ploto	Pluto
becouse	because
dissussing	discussing
enviroment	environment
auther	author
50~60	50-60
advice	advise
Anther	Another
joing	join
departements	departments
opiniom	opinion
spacific	specific
safing	saving
actualy	actually
assigment	assignment
radion	radio
universty	university
resulta	results
condcted	conducted
arouend	around
Finall	final
agee	agree
astroid	asteroid
elss	else
prpperty	property
dveloped	developed
factoriy	factory
travelling	traveling
comfotable	comfortable
Comming	Coming
atmospere	atmosphere
businessman	businessmen
chane	chance
imroved	improved
knowedge	knowledge
they	them
countrey	country
successfull	successful
undernearth	underneath
antient	ancient
thlat	that
exsample	example
boay	body
formura	formula
exstra	extra
enersy	energy
to	useful
propably	probably
Becaus	Because
take	make
personn	person
anothere	another
responsibilites	responsibilities
disegree	disagree
wouderful	wonderful
comercial	commercial
Here	There
taire	tire
becouse	because
preffer	prefer
preffer	prefer
probbably	probably
nonfluoridated	non-fluoridated
lifestile	lifestyle
intwerested	interested
succeded	succeeded
they	them
could	would
subects	subjects
scientifc	scientific
utilisation	utilization
maind	mind
Compuer	computer
fucture	future
conseder	consider
docters	doctors
situstion	situation
youg	young
genaration	generation
becaese	Because
ther	there
ther	there
competancy	competency
douts	doubts
effected	affected
work	team
theorise	theorize
understend	understand
thet	that
texetbooks	textbooks
dependend	dependent
anderstand	understand
beteer	better
peaple	people
sosiety	society
langage	language
break	beak
Futhermore	Furthermore
arguement	argument
save	safe
-Learn	Learn
somthing	something
Therfore	Therefore
Furethermore	Furthermore
aquired	acquired
critica	critics
uaually	usually
peole	people
efficint	efficient
recomended	recommended
pier	peer
monthe	month
trafic	traffic
affect	effect
competences	competencies
obbvious	obvious
that	than
wich	which
importand	important
comunities	communities
Techology	Technology
experinces	experiences
predetor	predator
menhaden	manhaden
wherever	whenever
safty	safety
problemes	problems
name	fame
possiable	possible
authour	author
noring	boring
surprize	surprise
postive	positive
briliant	brilliant
colecting	collecting
mordern	modern
that	than
braking	breaking
polititians	politicians
imotions	emotions
moviments	movements
exemple	example
passege	passage
turm	term
tast	test
studing	studying
startet	started
contruction	construction
experince	experience
olde	older
trasportation	transportation
sacrifise	sacrifice
preciouse	precious
reaults	results
succes	success
situaction	situation
magnitides	magnitudes
writting	writing
felings	feelings
trueth	truth
faceing	facing
compitition	competition
refuced	reduced
loosing	losing
untill	until
arisky	risky
strainge	strange
belive	believe
focuse	focus
arkward	awkward
woud	would
full	fully
acadmic	academic
sollution	solution
wich	which
manifacturers	manufacturers
augumenting	augmenting
grobal	global
develope	develop
Peolple	People
alon	alone
mater	matter
dengerous	dangerous
then	when
allready	already
creat	create
carful	careful
aboue	about
poins	points
baed	based
understad	understand
rerationship	relationship
becase	Because
prefere	prefer
scienses	sciences
equalifications	qualifications
idease	ideas
raher	rather
would	could
cheep	cheap
rais	raise
safe	save
enviroment	environment
maner	manner
thay	they
coluld	could
then	than
sosiety	society
strugles	struggles
hebitats	habitats
exutic	exotic
diversifed	diversified
somewher	somewhere
reqired	required
repreated	repeated
differance	difference
encylopedia	encyclopedia
considered-	considered
likr	like
Comsumers	Consumers
advertissment	advertisement
arises	rises
creat	create
manufactures	manufacturers
advatage	advantage
succussful	successful
mach	match
togather	together
useing	using
recods	records
theacher	teacher
deaply	deeply
idean	idea
learnng	learning
gratuation	graduation
bood	book
brain-	brain
puls	pull
purer	pure
Effel	Eiffel
totaly	totally
overrall	overall
wonderfull	wonderful
classmetes	classmates
disadvanteges	disadvantages
ceace	cease
comming	coming
adiction	addiction
actally	actually
entruy	entry
certaily	certainly
approprite	appropriate
Altough	Although
probles	problems
Brifly	Briefly
vecation	vacation
advantege	advantage
exemple	example
that	what
what	that
alsow	also
Amricans	Americans
Americanc	Americans
listenig	listening
reflest	reflect
perserverant	perseverant
Goverments	governments
familes	families
peopie	people
ereas	areas
possitive	positive
postion	position
orthopaedic	orthopedic
becayse	because
rememberd	remembered
fell	feel
yong	young
partients	patients
idiea	idea
loses	losses
Afther	After
my	because
talks	always
theyselves	themselves
undergroud	underground
inflaction	inflation
stressfull	stressful
disatvantages	disadvantages
unability	inability
breaus	bureaus
yong	young
oher	other
juise	juice
colourful	colorful
would	could
enogh	enough
reaonable	reasonable
acticle	article
grammer	grammar
tought	taught
definitly	definitely
taulk	talk
knowlege	knowledge
somthing	something
safe	save
would	could
goog	good
repect	respect
favorit	favorite
making	taking
litterature	literature
peple	people
planing	planning
hause	house
knowlege	knowledge
successfull	successful
quantitiy	quantity
sevral	several
than	then
would	could
genaration	generation
malysia	Malaysia
cinsidered	considered
thing	think
writter	writer
than	that
definately	definitely
ridicurous	ridiculous
problemmatic	problematic
markting	marketing
essy	essay
impotant	important
studens	students
chanse	chance
spesific	specific
crutial	crucial
challenger	challenge
challenger	challenges
dram	dream
goverment	government
throuhout	throughout
desputed	disputed
thir	their
moutains	mountains
perfecty	perfectly
transpotation	transportation
succed	succeed
carefull	careful
reasen	reason
somethink	something
datailed	detailed
yonger	younger
larned	learned
graw	grow
lightening	lightning
defination	definition
nowdays	nowadays
seriouse	serious
prblems	problems
cauntry	country
patents	parents
whithout	without
effect	affect
undertand	understand
speace	space
gerden	garden
thing	think
worthy	worth
deteir	deter
Japen	Japan
fine	find
earning	earnings
peole	people
being	beings
academis	academic
bebeficial	beneficial
differnt	different
rising	raising
enviroment	environment
proublem	problem
rouds	roads
damged	damaged
promblems	problems
futhermore	furthermore
exited	excited
ignor	ignore
experiance	experience
happend	happened
creat	create
succeedded	succeeded
compeny	company
lake	like
ther	their
systm	system
Scond	Second
goup	group
confortable	comfortable
alecture	lecture
iattended	attended
everthing	everything
previos	previous
knowledege	knowledge
oppurtunity	opportunity
were	where
availablity	availability
specfic	specific
round	around
perormer	performer
commdities	commodities
alowing	allowing
rise	raise
bons	bones
exemple	example
peole	people
well	will
cihildhood	childhood
guider	guide
studed	studied
studed	studied
chirdren	children
U.S.A	U.S.A.
life	live
alony	alone
teathers	teachers
thad	than
learnig	learning
interresting	interesting
helpfull	helpful
movie	movies
preferrences	preferences
effect	affect
humens	humans
oarts	parts
whtch	which
advertisemets	advertisements
surroand	surround
re-schedule	reschedule
conclution	conclusion
atracted	attracted
lifestile	lifestyle
floop	flop
gree	agree
accomodate	accommodate
thay	they
travelling	Traveling
youself	yourself
fulture	future
cklassmates	classmates
Attendence	Attendance
teenegers	teenagers
knowa	know
remeber	remember
migratintg	migrating
exammple	example
prefar	prefer
goverment	government
requeres	requires
certein	certain
reliased	released
defferent	different
stonger	stronger
Puebo	Pueblo
Additionaly	Additionally
movies	movie
seperate	separate
peple	people
diffrent	different
alwayse	always
zenra	zebra
knowlege	knowledge
alternitive	alternative
filmaking	filmmaking
bacause	Because
everone	everyone
medicins	medicines
Fourtunately	Fortunately
mechanis	mechanics
becom	become
temporaty	temporary
behaviour	behavior
nowdays	nowadays
socity	society
eligiable	eligible
what	that
would	could
demostrate	demonstrate
dicease	disease
comportable	comfortable
theme	them
bussiness	business
anderstand	understand
will	well
perticular	particular
exemple	example
litterature	literature
bath	bathe
vavilla	vanilla
guider	guides
duildings	buildings
replacment	replacement
Ploto	Pluto
Ploto	Pluto
becouse	because
dissussing	discussing
enviroment	environment
auther	author
advice	advise
Anther	Another
joing	join
departements	departments
opiniom	opinion
spacific	specific
safing	saving
conepts	concepts
actualy	actually
assigment	assignment
wich	which
radion	radio
universty	university
resulta	results
condcted	conducted
arouend	around
Finall	finally
agee	agree
astroid	asteroid
elss	else
ealy	early
prpperty	property
dveloped	developed
factoriy	factory
travelling	traveling
comfotable	comfortable
atmospere	atmosphere
proplem	problem
businessman	businessmen
imroved	improved
knowedge	knowledge
they	them
countrey	country
successfull	successful
undernearth	underneath
produing	producing
antient	ancient
thlat	that
exsample	example
boay	body
formura	formula
exstra	extra
enersy	energy
to	useful
Becaus	Because
take	make
personn	person
anothere	another
responsibilites	responsibilities
disegree	disagree
wouderful	wonderful
